Name,Population
WORLD,7794798.729
UN development groups,...
More developed regions,1273304.261
Less developed regions,6521494.468
Least developed countries,1057438.163
"Less developed regions, excluding least developed countries",5464056.305
"Less developed regions, excluding China",5050207.589
Land-locked Developing Countries (LLDC),533143.398
Small Island Developing States (SIDS),72076.098
World Bank income groups,...
High-income countries,1263092.934
Middle-income countries,5753051.615
Upper-middle-income countries,2654816.331
Lower-middle-income countries,3098235.284
Low-income countries,775710.612
No income group available,2943.568
Geographic regions,...
Africa,1340598.113
Asia,4641054.786
Europe,747636.045
Latin America and the Caribbean,653962.332
Northern America,368869.644
Oceania,42677.809
Sustainable Development Goal (SDG) regions,...
SUB-SAHARAN AFRICA,1094365.605
Eastern Africa,445405.578
Burundi,11890.781
Comoros,869.595
Djibouti,988.002
Eritrea,3546.427
Ethiopia,114963.583
Kenya,53771.3
Madagascar,27691.019
Malawi,19129.955
Mauritius,1271.767
Mayotte,272.813
Mozambique,31255.435
Réunion,895.308
Rwanda,12952.209
Seychelles,98.34
Somalia,15893.219
South Sudan,11193.729
Uganda,45741
United Republic of Tanzania,59734.213
Zambia,18383.956
Zimbabwe,14862.927
Middle Africa,179595.125
Angola,32866.268
Cameroon,26545.864
Central African Republic,4829.764
Chad,16425.859
Congo,5518.092
Democratic Republic of the Congo,89561.404
Equatorial Guinea,1402.985
Gabon,2225.728
Sao Tome and Principe,219.161
Southern Africa,67503.647
Botswana,2351.625
Eswatini,1160.164
Lesotho,2142.252
Namibia,2540.916
South Africa,59308.69
Western Africa,401861.255
Benin,12123.198
Burkina Faso,20903.278
Cabo Verde,555.988
Côte d'Ivoire,26378.275
Gambia,2416.664
Ghana,31072.945
Guinea,13132.792
Guinea-Bissau,1967.998
Liberia,5057.677
Mali,20250.834
Mauritania,4649.66
Niger,24206.636
Nigeria,206139.587
Saint Helena,6.071
Senegal,16743.93
Sierra Leone,7976.985
Togo,8278.737
NORTHERN AFRICA AND WESTERN ASIA,525869.282
Northern Africa,246232.508
Algeria,43851.043
Egypt,102334.403
Libya,6871.287
Morocco,36910.558
Sudan,43849.269
Tunisia,11818.618
Western Sahara,597.33
Western Asia,279636.774
Armenia,2963.234
Azerbaijan,10139.175
Bahrain,1701.583
Cyprus,1207.361
Georgia,3989.175
Iraq,40222.503
Israel,8655.541
Jordan,10203.14
Kuwait,4270.563
Lebanon,6825.442
Oman,5106.622
Qatar,2881.06
Saudi Arabia,34813.867
State of Palestine,5101.416
Syrian Arab Republic,17500.657
Turkey,84339.067
United Arab Emirates,9890.4
Yemen,29825.968
CENTRAL AND SOUTHERN ASIA,2014708.531
Central Asia,74338.926
Kazakhstan,18776.707
Kyrgyzstan,6524.191
Tajikistan,9537.642
Turkmenistan,6031.187
Uzbekistan,33469.199
Southern Asia,1940369.605
Afghanistan,38928.341
Bangladesh,164689.383
Bhutan,771.612
India,1380004.385
Iran (Islamic Republic of),83992.953
Maldives,540.542
Nepal,29136.808
Pakistan,220892.331
Sri Lanka,21413.25
EASTERN AND SOUTH-EASTERN ASIA,2346709.481
Eastern Asia,1678089.627
China,1439323.774
"China, Hong Kong SAR",7496.988
"China, Macao SAR",649.342
"China, Taiwan Province of China",23816.775
Dem. People's Republic of Korea,25778.815
Japan,126476.458
Mongolia,3278.292
Republic of Korea,51269.183
South-Eastern Asia,668619.854
Brunei Darussalam,437.483
Cambodia,16718.971
Indonesia,273523.621
Lao People's Democratic Republic,7275.556
Malaysia,32365.998
Myanmar,54409.794
Philippines,109581.085
Singapore,5850.343
Thailand,69799.978
Timor-Leste,1318.442
Viet Nam,97338.583
LATIN AMERICA AND THE CARIBBEAN,653962.332
Caribbean,43532.374
Anguilla,15.002
Antigua and Barbuda,97.928
Aruba,106.766
Bahamas,393.248
Barbados,287.371
"Bonaire, Sint Eustatius and Saba",26.221
British Virgin Islands,30.237
Cayman Islands,65.72
Cuba,11326.616
Curaçao,164.1
Dominica,71.991
Dominican Republic,10847.904
Grenada,112.519
Guadeloupe,400.127
Haiti,11402.533
Jamaica,2961.161
Martinique,375.265
Montserrat,4.999
Puerto Rico,2860.84
Saint Barthélemy,9.885
Saint Kitts and Nevis,53.192
Saint Lucia,183.629
Saint Martin (French part),38.659
Saint Vincent and the Grenadines,110.947
Sint Maarten (Dutch part),42.882
Trinidad and Tobago,1399.491
Turks and Caicos Islands,38.718
United States Virgin Islands,104.423
Central America,179670.186
Belize,397.621
Costa Rica,5094.114
El Salvador,6486.201
Guatemala,17915.567
Honduras,9904.608
Mexico,128932.753
Nicaragua,6624.554
Panama,4314.768
South America,430759.772
Argentina,45195.777
Bolivia (Plurinational State of),11673.029
Brazil,212559.409
Chile,19116.209
Colombia,50882.884
Ecuador,17643.06
Falkland Islands (Malvinas),3.483
French Guiana,298.682
Guyana,786.559
Paraguay,7132.53
Peru,32971.846
Suriname,586.634
Uruguay,3473.727
Venezuela (Bolivarian Republic of),28435.943
AUSTRALIA/NEW ZEALAND,30322.114
Australia,25499.881
New Zealand,4822.233
OCEANIA (EXCLUDING AUSTRALIA AND NEW ZEALAND),12355.695
Melanesia,11122.99
Fiji,896.444
New Caledonia,285.491
Papua New Guinea,8947.027
Solomon Islands,686.878
Vanuatu,307.15
Micronesia,548.927
Guam,168.783
Kiribati,119.446
Marshall Islands,59.194
Micronesia (Fed. States of),115.021
Nauru,10.834
Northern Mariana Islands,57.557
Palau,18.092
Polynesia,683.778
American Samoa,55.197
Cook Islands,17.564
French Polynesia,280.904
Niue,1.618
Samoa,198.41
Tokelau,1.35
Tonga,105.697
Tuvalu,11.792
Wallis and Futuna Islands,11.246
EUROPE AND NORTHERN AMERICA,1116505.689
EUROPE,747636.045
Eastern Europe,293013.21
Belarus,9449.321
Bulgaria,6948.445
Czechia,10708.982
Hungary,9660.35
Poland,37846.605
Republic of Moldova,4033.963
Romania,19237.682
Russian Federation,145934.46
Slovakia,5459.643
Ukraine,43733.759
Northern Europe,106261.271
Channel Islands,173.859
Denmark,5792.203
Estonia,1326.539
Faroe Islands,48.865
Finland,5540.718
Iceland,341.25
Ireland,4937.796
Isle of Man,85.032
Latvia,1886.202
Lithuania,2722.291
Norway,5421.242
Sweden,10099.27
United Kingdom,67886.004
Southern Europe,152215.243
Albania,2877.8
Andorra,77.265
Bosnia and Herzegovina,3280.815
Croatia,4105.268
Gibraltar,33.691
Greece,10423.056
Holy See,0.809
Italy,60461.828
Malta,441.539
Montenegro,628.062
North Macedonia,2083.38
Portugal,10196.707
San Marino,33.938
Serbia,8737.37
Slovenia,2078.932
Spain,46754.783
Western Europe,196146.321
Austria,9006.4
Belgium,11589.616
France,65273.512
Germany,83783.945
Liechtenstein,38.137
Luxembourg,625.976
Monaco,39.244
Netherlands,17134.873
Switzerland,8654.618
NORTHERN AMERICA,368869.644
Bermuda,62.273
Canada,37742.157
Greenland,56.772
Saint Pierre and Miquelon,5.795
United States of America,331002.647
